name,0,1,2,3
"1,3 Butanediol",,Okay,,
1-Dodecene,,,Caution,
,,,,
2-Alkyl-N-Carboxymethyl-N-Hydroxyethyl Imidazolinium Betaine,,Okay,,
2-Bromo-2-Nitropane-1-3 Diol,,,Caution,
"2-Oleamido-1,3-Octadecanediol",,Okay,,
,,,,
Acai,,Okay,,
Acetamide MEA,,Okay,,
Acetamidopropyl Trimonium Chloride,,Okay,,
Acetone,,,,Avoid
Acetylated,,Okay,,
Acetylated lanolin,,Okay,,
Acetyl Tyrosine,,Okay,,
Achillea millefolium extract,,Okay,,
Acrylamide/Ammonium Acrylate Copolymer,,,Caution,
Acrylates,,,,Avoid
Acrylates/ Beheneth-25 methacrylate copolymer,,,,Avoid
Acrylates/C10-30 Alkyl Acrylate Crosspolymer,,,Caution,
Acrylates/Vinyl Isodecanoate Crosspolymer,,,Caution,
Acrylates copolymer,,,,Avoid
Acrylic/Acrylate Copolymer,,,Caution,
African wild honey,,Okay,,
Agar,,Okay,,
Alanine,,Okay,,
Alcohol,,,Caution,
Aleurites moluccana,Good,,,
Alfalfa extract,,Okay,,
Alkyl Benzene Sulfonate,,,,Avoid
Alkyl Betaine,,Okay,,
Alkyldimethyl Amine Oxide,,Okay,,
Alkyl Sodium Sulfate,,,,Avoid
Allantoin,,Okay,,
Allspice,,,Caution,
Almond extract,,,Caution,
Aloe,,Okay,,
Aloe barbadensis,,Okay,,
Aloe vera,,Okay,,
Alpha-amyl cinnamic aldehyde,,,Caution,
Alpha amyl innamic aldehyde,,,Caution,
Alpha hydroxy acids,,,Caution,
Alpha-Isomethyl Ionone,,,Caution,
Alpha lipoic acid,,Okay,,
Alpha-tocopherol,,Okay,,
Aluminum stearate,,Okay,,
Amia seed oil,,Okay,,
Amine functional siloxane,,,Caution,
Amines,,,Caution,
Amino acids,,Okay,,
Aminomethyl propanediol,,Okay,,
Aminomethyl propanol,,Okay,,
Amlica embilicus seed oil,,Okay,,
Ammonium chloride,,,,Avoid
Ammonium laureth sulfate,,Okay,,
Ammonium lauryl sulfate,,,Caution,
Ammonium salt,,,,Avoid
Ammonium thioglycolate,,,,Avoid
Ammonium xylenesulfonate,,,,Avoid
Amodimethicone,,,Caution,
Amodimethiconol,,,Caution,
Amphoteric,,Okay,,
Amphoteric Surfactant,Good,,,
Amyl cinnamal,,,Caution,
Amyl cinnamate,,,Caution,
Angelica,,,Caution,
Anion,,Okay,,
Anionic surfactants,,Okay,,
Anisaldehyde,,,Caution,
Anise,,,Caution,
Anthemis nobilis,,,Caution,
Anticaking agent,,Okay,,
Antistatic,,Okay,,
Apricot kernel oil,Good,,,
Apricot oil,Good,,,
Aqua,,Okay,,
Aqueous extracts,,,Caution,
Arachidic acid,,Okay,,
Arachidyl alcohol,,Okay,,
Arachidyl propionate,,Okay,,
Arachis hypogaea extract,,Okay,,
Argania spinosa oil,Good,,,
Argan oil,Good,,,
Arginine,,Okay,,
Arginine HCL,,Okay,,
Arnica Extract,,,Caution,
Ascophyllum nodosum extract,,Okay,,
Ascorbic acid,,,Caution,
Ascorbyl glucoside,,Okay,,
Ascorbyl palmintate,,Okay,,
Aspalathus lineris,,Okay,,
Aspartic acid,,Okay,,
Astrocaryum murumuru seed butter,Good,,,
Avena sativa,,Okay,,
Avena sativa peptide,,Okay,,
Avobenzene,,Okay,,
Avocado,,,Caution,
Avocado oil,Good,,,
Awapuhi extract,,,Caution,
,,,,
Babassuamidopropyl betaine,,Okay,,
Babassuamidopropyltrimonium methosulfate,,Okay,,
Babassu Oil,,Okay,,
Badian,,Okay,,
Baking soda,,,,Avoid
Balm mint,,,Caution,
Balm mint oil,,,Caution,
Balsam,,,,Avoid
Balsam of Peru,,,,Avoid
Balsam oil,,,,Avoid
Bambusa vulagaris extract,,Okay,,
Bambusa vulagaris sap extract,,Okay,,
Barley extract,,Okay,,
Basil,,,Caution,
Batyl alcohol,,Okay,,
Beeswax,,,Caution,
Behenalkonium betaine,,Okay,,
Behenamidopropyltimonium Methosulfate,,Okay,,
Behenic acid,,Okay,,
Behenoyl PG-trimonium chloride.,,Okay,,
Behentrimonium chloride,Good,,,
Behentrimonium methosulfate,Good,,,
Behenyl alcohol,,Okay,,
Benzalkonium chloride,,,Caution,
Benzoic acid,,Okay,,
Benzoin,,,Caution,
Benzoin resin,,,,Avoid
Benzophenone-3,,Okay,,
Benzophenone-4,,Okay,,
Benzyl alcohol,,,Caution,
Benzyl benzoate,,Okay,,
Benzyl salicylate,,,Caution,
Bergamont,,,Caution,
Bergamont oil,,,Caution,
Beta-glucan,,Okay,,
Betaine,,Okay,,
Betula alba extract,,Okay,,
BHA,,,Caution,
BHT,,Okay,,
Biocide,,Okay,,
Biosaccharide gum-1,,,Caution,
Biotin,,Okay,,
Bisabolol,,Okay,,
Bis-aminopropyl dimethicone,,Okay,,
Bisamo PEG/PPG 41/3 Aminoethyl PG-Propyl Dimethicone,,Okay,,
Bis-diglyceryl polyacyladipate,,Okay,,
Bisphenyl propyl dimethicone,,Okay,,
Bisulfite perms,,,,Avoid
Borago officinalis,,Okay,,
Borax,,,,Avoid
BPG TMC Conditioner,,Okay,,
Brassica,,,Caution,
Brassicamidopropyl dimethylamine,,,Caution,
Brazil nut oil,Good,,,
BTMS-50,,Okay,,
BTMS conditioner,,Okay,,
Burdock extract,,Okay,,
Burdock root,,Okay,,
Butter,,Okay,,
Butyl acetate,,,,Avoid
Butylated hydroxytoluene,,,Caution,
Butylene glycol,Good,,,
Butyl methoxydibenzoylmethane,,Okay,,
Butyloctanol,,Okay,,
Butylparaben,,Okay,,
Butylphenyl methylpropional,,,Caution,
Butyrospermum parkii butter,,Okay,,
Buxus chinensis,Good,,,
,,,,
C11-15 Pareth-3,,Okay,,
C11-15 Pareth-5,,Okay,,
C11-15 Pareth-7,,Okay,,
C11-15 Pareth-9,,Okay,,
C11-15 Pareth-12,,Okay,,
C11-15 Pareth-15,,Okay,,
C11-15 Pareth-20,,Okay,,
C11-15 Pareth-30,,Okay,,
C11-15 Pareth-40,,Okay,,
C12-13 Pareth-3,,,Caution,
C12-13 Pareth-23,,,Caution,
C12-15 alkyl benzoate,,Okay,,
C12-15 alkylsulfate,,,,Avoid
C12-16 Pareth-9,,Okay,,
C12-18 acid triglyceride,,Okay,,
C14-16 olefin sulfonate,,,,Avoid
C16-15 Pareth-9,,Okay,,
C18-36 acid glycol ester,,Okay,,
C18-36 acid triglyceride,,Okay,,
Calcium behenate,,Okay,,
Calcium gluconate,,Okay,,
Calcium hydroxide,,,,Avoid
Calendula officinalis extract,,,Caution,
Calphostin-C,,,,Avoid
Camellia japonica,Good,,,
Camellia oleifera,Good,,,
Camellia sinensis,Good,,,
Camphor,,,Caution,
Cananga odorata,,,Caution,
Capric acid,,Okay,,
Capric triglyceride,,Okay,,
Caprylic/ Capric triglyceride,Good,,,
Caprylic acid,,Okay,,
Capryl isostearate,,Okay,,
Caprylyl glycol,,Okay,,
Carbomer,,,Caution,
Carrier ingredient,,Okay,,
Carthamus tinctorius oil,,Okay,,
Casein,,Okay,,
Cassia,,Okay,,
Castile soap,,,Caution,
Castor isostearate succinate,,Okay,,
Castor oil,,,Caution,
Cation,,Okay,,
Cellulose,,Okay,,
Ceramide,,Okay,,
Ceteareth-20,,Okay,,
Cetearyl alcohol,Good,,,
Cetearyl glucoside,,Okay,,
Ceteth-2,,Okay,,
Cetrimonium Bromide,,,Caution,
Cetrimonium chloride,,Okay,,
Cetrimonium methosulfate,,Okay,,
Cetyl alcohol,Good,,,
Cetyl dimethicone,Good,,,
Cetyldimonium phosphate,,Okay,,
Cetyl esters,,Okay,,
Cetyl hydroxyethylcellulose,,,Caution,
Chamomile extract,,,Caution,
Chamomilla recutita,,,Caution,
Chelating agent,,Okay,,
Chenopodium quinoa extract,,Okay,,
Chinchona,,Okay,,
Chitin,,,Caution,
Chitosan,,,Caution,
Chitosan Lactate,,,Caution,
Chitosan Lauroyl glycinate,,Okay,,
Chitosan PCA,,Okay,,
Chlorhexidine,,,,Avoid
Chlorhexidine digluconate,,,,Avoid
Chlorhexidine dihydrochloride,,,,Avoid
Chlorphenesian,,Okay,,
Chlorphenesin,,Okay,,
Cholesterol,,Okay,,
CI 14700,,Okay,,
CI 15510,,Okay,,
CI 15985,,,Caution,
CI 17200,,Okay,,
CI 19140,,Okay,,
CI 42053,,Okay,,
CI 42090,,Okay,,
CI 47005,,Okay,,
CI 60730,,,Caution,
CI 714700,,Okay,,
Cinnamic alcohol,,,Caution,
Cinnamic aldehyde,,,Caution,
Cinnamidopropyltrimonium chloride,,Okay,,
Cinnamon,,,Caution,
CIR Expert Panel,,Okay,,
Citral,,Okay,,
Citric acid,,Okay,,
Citronella,,,Caution,
Citronellol,,,Caution,
Citrulline,,Okay,,
Citrus,,,Caution,
Citrus Amygdalus Dulcis (Sweet Orange) Seed Oil,,,Caution,
Citrus aurantiaum oil,,,,Avoid
Citrus Aurantium Bergamia,,,Caution,
Citrus Aurantium Dulcis (Orange) Fruit Extract,,,Caution,
Citrus dulcis essential oil,,,Caution,
Citrus Grandis,,,Caution,
Citrus Medica Limonum Fruit Oil,,,Caution,
Clary sage,,Okay,,
Clay,,,Caution,
Clove,,,Caution,
Clover Blossom,,,Caution,
Coal Tar,,,Caution,
Cocamide DEA,,,Caution,
Cocamide MEA,,,Caution,
Cocamidopropyl betaine,,Okay,,
Cocamidopropyl hydroxysulfonate,,Okay,,
Cocamidopropyl hydroxysultaine,,Okay,,
Cocamphocarboxyglycinate-propionate,,Okay,,
Cocamphodiacetate,,Okay,,
Cocoa butter,,,Caution,
Cocoamine oxide,,Okay,,
Cocoamphocarboxyglycinate,,Okay,,
Cocoamphopolycarboxyglycinate,,Okay,,
Cocoa seed butter,,,Caution,
Coco betaine,,Okay,,
Coco-betaine,,Okay,,
Cocodimethylamine oxide,,Okay,,
Coco-glucoside,,Okay,,
Cocoiminoglycinate,,Okay,,
Cocoiminopropionate,,Okay,,
Coconut,,Okay,,
Coconut acid,,Okay,,
Coconut oil,Good,,,
Coconut oil soap,,,Caution,
Cocos nucifera oil,Good,,,
Cocoylamidepropyldimethyl grycine,,Okay,,
Cocoyl sarcosine,,Okay,,
Cocyl glutamic acid,,Okay,,
Collagen,,Okay,,
Collagen amino acids,,,Caution,
Coltsfoot extract,,Okay,,
Comfrey extract,,Okay,,
Copolymer,,,Caution,
Copper peptide,,Okay,,
Coriander oil,,,Caution,
Corn Oil,,,Caution,
Corn Starch,,,Caution,
Coumarin,,,Caution,
Coumarins,,,Caution,
Creatine,,Okay,,
Crotonates,,,Caution,
Crotonic acid,,,Caution,
Cumarin,,,Caution,
Cyclodextrin,,Okay,,
Cycloheptasiloxane,Good,,,
Cyclohexasiloxane,Good,,,
Cyclomethicone,Good,,,
Cyclopentasiloxane,Good,,,
Cyclophenylmethicone,,Okay,,
Cyclotetrasiloxane,,Okay,,
Cyclotrisiloxane,Good,,,
Cymbopogon schoenanthus extract,,,Caution,
Cymbopogon schoenanthus oil,,Okay,,
Cysteine,,Okay,,
,,,,
Decyl glucoside,,Okay,,
Decyl Oleate,,Okay,,
Dehydrogenated tallow benzylmonium chloride,,Okay,,
Dehydroxanthan gum,,,,Avoid
Denatured alcohol,,,,Avoid
Detergent,,Okay,,
Dextrin,,,Caution,
Diammonium dithioglycolate,,,,Avoid
Diazolidinyl urea,,,Caution,
Dicaprylyl maleate,,Okay,,
Dicetyldimonium chloride,,Okay,,
Diethanolamine,,,Caution,
Dihydrogenated tallow benzylmonium chloride,,Okay,,
Dimethicone,Good,,,
Dimethicone bisamino hydroxypropyl copolyol,,Okay,,
Dimethicone copolyol,,,Caution,
Dimethicone Crosspolymer,,,Caution,
Dimethicone Hydroxypropyl Trimonium Chloride,,Okay,,
Dimethicone PEG-7 Avocadoate,,Okay,,
Dimethicone PEG-7 Cocoate,,Okay,,
Dimethicone PEG-7 Isostearate,,Okay,,
Dimethicone PEG-7 Olivate,,Okay,,
Dimethicone PEG-7 Phosphate,,Okay,,
Dimethicone PEG-8 Adipate,,Okay,,
Dimethicone PEG-8 Benzoate,,Okay,,
Dimethicone PEG-8 Borageate,,Okay,,
Dimethicone PEG-8 Meadowfoamate,,Okay,,
Dimethicone PEG-8 Polyacrylate,,,Caution,
Dimethicone PEG-10 Phosphate,,Okay,,
Dimethicone PEG/PPG-7/4 Phosphate,,Okay,,
Dimethicone PEG/PPG-12/4Phosphate,,Okay,,
Dimethicone PEG/PPG-20/23 Benzoate,,Okay,,
Dimethiconol,,Okay,,
Dimethiconol/Silsesquioxane Copolymer,,Okay,,
Dimethiconol Arginine,,Okay,,
Dimethiconol Cysteine,,Okay,,
Dipalmitoyl hydroxyethylmonium methosulfate,,Okay,,
Dipenataerythrityl Hexa C5-9 Acid Esters,,,Caution,
Dipropylene glycol,,Okay,,
Dipropylene glycol methyl ether,,Okay,,
Dismutase,,Okay,,
Disodium capryloamhodiacetate,,Okay,,
Disodium cocamphodiacetate,,Okay,,
Disodium cocamphodipropionate,,Okay,,
Disodium coco-glucoside citrate,,Okay,,
Disodium cocyl glutamate,,Okay,,
Disodium EDTA,,Okay,,
Disodium glyceryl phosphate,,Okay,,
Disodium hydrogenated tallow glutamate,,Okay,,
Disodium lauraminopropionate,,Okay,,
Disodium laureth sulfosuccinate,Good,,,
Disodium monococamido sulfosuccinate,,Okay,,
Disodium monoleamide MEA sulfosuccinate,,Okay,,
Disodium stearoyl glutamate,,Okay,,
Distearoylethyl Hydroxyethylmonium Methosulfate,,Okay,,
Distearyldimonium chloride,,Okay,,
Divinyldimethicone/dimethicone copolymer,,,Caution,
Divinyldimethicone/ dimethicone crosspolymer,,,Caution,
D-limonene,,,,Avoid
DMDM hydantoin,,Okay,,
Dodecene,,,Caution,
,,,,
Eau,,Okay,,
Echinacea extract,,Okay,,
Ecklonia Radiata Extract,,Okay,,
EDTA,,,Caution,
Elaeis guineensis oil,Good,,,
Elaeis melanococca oil,Good,,,
Elastin,,Okay,,
Emollient,Good,,,
Emulsifier,,Okay,,
Emulsifying wax,,Okay,,
Emulsifying wax CT,,Okay,,
Emulsifying wax NF,,Okay,,
Emulsion,,Okay,,
Emulsion stabilizer,,Okay,,
Enzyme,,Okay,,
Epson salts,,,,Avoid
Equisetum arvense extract,,Okay,,
Essential oils,,,Caution,
Ester,,Okay,,
Ethanol,,,,Avoid
Ethanolamine,,Okay,,
Ether,,,Caution,
Ether sulfonate,,Okay,,
Ethyl alcohol,,,,Avoid
Ethylenediaminetetraacetic acid,,Okay,,
Ethylene glycol,,Okay,,
Ethylene glycol monostearate,,Okay,,
Ethylene oxide,,,,Avoid
Ethylhexylgylcerin,,Okay,,
Ethylhexyl hydroxystearate,,Okay,,
Ethylhexyl isopalmitate,,Okay,,
Ethylhexyl methoxycinnamate,,Okay,,
Ethylhexyl palmitate,,Okay,,
Ethylparaben,,Okay,,
Eugenol,,,Caution,
Euterpe Oleracea,,Okay,,
Evening primrose oil,,Okay,,
Extracts,,,Caution,
Ext Violet 2,,,Caution,
,,,,
Farsenol,,Okay,,
Fatty acids,,Okay,,
Fatty alcohol,,Okay,,
FD&C blue no. 1,,Okay,,
Fennel,,,Caution,
Fig extract,,,Caution,
Film-former,,,Caution,
Fir needle,,,Caution,
Flaxseed extract,,,Caution,
Formaldeyde-releasing preservative,,,Caution,
Fragrance,,,Caution,
Fuller?s earth,,,,Avoid
Fusanus spicatus,,,Caution,
,,,,
Gelatin,,Okay,,
Geraniol,,,Caution,
Geranium oil,,,Caution,
Ginger,,Okay,,
Ginko biloba extract,,Okay,,
Ginseng,Good,,,
Glucose,,,Caution,
Glucose Glutamate,,Okay,,
Glutamic acid,Good,,,
Gluten,,Okay,,
Glycereth-26,,,Caution,
Glycerin,Good,,,
Glycerine,,Okay,,
Glycerol,,Okay,,
Glyceryl esther,,Okay,,
Glyceryl isopalmitate,,Okay,,
Glyceryl isostearate,,Okay,,
Glyceryl monothioglycolate,,,,Avoid
Glyceryl myristate,,Okay,,
Glyceryl oleate,,Okay,,
Glyceryl palmitate,,Okay,,
Glyceryl stearate,Good,,,
Glyceryl undecylenate,,Okay,,
Glycine,,Okay,,
Glycine soja (soybean) oil,,,Caution,
Glycine soja (soybean) seed extract,,Okay,,
Glycine soja flour,,,,Avoid
Glycine soja milk,,Okay,,
Glycine soya milk,,Okay,,
Glycol distearate,,Okay,,
Glycolic acid,,,Caution,
Glycols,,Okay,,
Glycol stearate,Good,,,
Glycosphingolipids,,Okay,,
Goji berry extract,,Okay,,
Golden seal extract,,Okay,,
Grapefruit,,,Caution,
Grapefruit Extract,,Okay,,
Grapefruit juice,,,,Avoid
Green 3,,Okay,,
Green Tea,Good,,,
Guanidine carbonate,,,,Avoid
Guanidine hydroxide,,,,Avoid
Guar gum,,Okay,,
Guar hydroxypropyltrimonium chloride,,,Caution,
Guar powder,,Okay,,
,,,,
Hamamelis virginiana,,,Caution,
Hard water,,,Caution,
Hedychium coronarium,,Okay,,
Helianthus annuus seed extract,,Okay,,
Helianthus annuus seed oil,Good,,,
Heliogenol,,Okay,,
Hemp seed oil,,Okay,,
Henna,,,,Avoid
Hexadecanol,Good,,,
Hexadimethrine chloride,,Okay,,
Hexamethyldisilosane,,Okay,,
Hexyl cinnamal,,,Caution,
Hexyl cinnamic aldehyde,,Okay,,
Hexylene glycol,,Okay,,
Hibiscus sabdariffa extract,,Okay,,
Hinokitol,,,Caution,
Hippophae rhamnoides oil,,Okay,,
Histidine,,Okay,,
Honey,,Okay,,
Honeysuckle Extract,,Okay,,
Hordeum distichon extract,,Okay,,
Hordeum vulgare extract,,Okay,,
Horseradish,,,Caution,
Horsetail,,,Caution,
Huile Mineral?,,Okay,,
Humectant,,Okay,,
Hyaluronic acid,,Okay,,
Hydrastis canadensis extract,,Okay,,
Hydrogenated,,Okay,,
Hydrogenated castor oil,,Okay,,
Hydrogenated lanolin,,Okay,,
Hydrogenated lecithin,,Okay,,
Hydrogenated Palm Glycerides,,Okay,,
Hydrogenated Palm Glycerides Citrate,,Okay,,
Hydrogenated Polydecene,,Okay,,
Hydrogenated tallowol glutamate acid,,Okay,,
Hydrogenation,,Okay,,
Hydrogen peroxide,,,,Avoid
Hydrolysed wheat protein pg-propyl silanetriol,,Okay,,
Hydrolyzed,,Okay,,
Hydrolyzed Avena sativa (oat) protein,,Okay,,
Hydrolyzed Brazil nut protein,,Okay,,
Hydrolyzed collagen,,Okay,,
Hydrolyzed Elastin,,Okay,,
Hydrolyzed keratin,,Okay,,
Hydrolyzed Silk,,Okay,,
Hydrolyzed Silk Protein,,Okay,,
Hydrolyzed soy protein,,Okay,,
Hydrolyzed sweet almond protein,,Okay,,
Hydrolyzed vegetable protein,,Okay,,
Hydrolyzed vegetable protein PG-Propyl silanetrol,,Okay,,
Hydrolyzed wheat protein,,Okay,,
Hydrolyzed wheat protein pg-propyl silanetriol,,Okay,,
Hydroxycitronellal,,,Caution,
Hydroxyethylcellulose,,Okay,,
Hydroxyethyl cetyldimonium phosphate,,Okay,,
Hydroxyisohexyl 3-cyclohexene carboxaldehyde,,,Caution,
Hydroxypropyl guar,,Okay,,
Hydroxypropyl methylcellulose,,Okay,,
,,,,
Ilex aquifolium,,,Caution,
Ilex paraguariensis leaf extract,,,Caution,
Imidazolidinyl urea,,Okay,,
Iodopropynyl butylcarbamate,,,Caution,
Ion,,Okay,,
Ionone,,,Caution,
Iron oxide,,Okay,,
Irritant,,,Caution,
Isobutylparaben,,Okay,,
Isododecane,,Okay,,
Isoeugenol,,,Caution,
Isohexadecane,,Okay,,
Isoleucine,,Okay,,
Isopropanol,,,,Avoid
Isopropyl alcohol,,,,Avoid
Isopropyl myristate,,Okay,,
Isopropyl palmitate,,Okay,,
Isostearamidopropyl dimethylamine gluconate,,Okay,,
Isostearamidopropyl ethyldimonium ethosulfate,,Okay,,
Isostearyl alcohol,,Okay,,
,,,,
Jade Plant extract,,Okay,,
Japanese Honeysuckle Extract,,Okay,,
Jojoba liquid wax,Good,,,
Jojoba Oil,Good,,,
Juniper oil,,,Caution,
,,,,
Kaolin,,,Caution,
Karite,,Okay,,
Kathon CG,,,Caution,
Keratin,,Okay,,
Keratin amino acids,,,Caution,
Keravis,,Okay,,
Ketoconazole,,Okay,,
Kukui nut oil,,Okay,,
,,,,
Lactamide MEA,,Okay,,
Lactic acid,,Okay,,
Lanette 16,,Okay,,
Lanolin,,Okay,,
Lanolin alcohol,,Okay,,
Lanolin Oil,,Okay,,
Lanolin wax,,Okay,,
Lauramide MEA,,Okay,,
Lauramide oxide,,Okay,,
Lauramidopropyl betaine,,Okay,,
Lauramine oxide,,Okay,,
Lauramphocarboxyglycinate,,Okay,,
Laurdimonium hydroxypropyl hydrolyzed wheat protein,,Okay,,
Laurdimonium hydroxypropyl hydrolyzed wheat starch,,Okay,,
Laureth-4,,Okay,,
Laureth-9,,Okay,,
Laureth-23,,Okay,,
Lauric acid,,Okay,,
Lauric DEA,,Okay,,
Lauroyl glutamic acid,,Okay,,
Lauroyl Sarcosine,,Okay,,
Lauryl alcohol,,Okay,,
Laurylamide propyldimethyl grycine,,Okay,,
Lauryl Betaine,,Okay,,
Lauryldimethyl amine oxide,,Okay,,
Lauryldimethyl betaine,,Okay,,
Lauryl dimethyl glycine,,Okay,,
Lauryl glucoside,,Okay,,
Laurylhydroxy sulfobetain,,Okay,,
Lauryl polyglucose,,Okay,,
Lauryl sulfate,,Okay,,
Lavadin oil,,Okay,,
Lavandula angustifolia extract,,,Caution,
Lavandula hybrida,,Okay,,
Lavender oil,,,Caution,
Lecithin,,Okay,,
Lemon,,,Caution,
Lemongrass,,,Caution,
Lemongrass oil,,Okay,,
Lemon juice,,,,Avoid
Lemon oil,,,,Avoid
Lemon peel,,,Caution,
Lemon verbena,,,Caution,
Leucine,,Okay,,
Licorice extract,,Okay,,
Licorice root,,Okay,,
Lilial,,,Caution,
Lime,,,,Avoid
Lime oil,,,,Avoid
Limnanthes alba seed oil,Good,,,
Limonene,,,Caution,
Linalool,,,Caution,
Linoleamidopropyl PG-dimonium chloride phosphate,,Okay,,
Linoleamidopropyl PG-dimonium chloride phosphate dimethicone,,Okay,,
Linseed extract,,,Caution,
Linseed oil,,,Caution,
Linum usitatissimum seed extract,,,Caution,
Lippia citriodora flower extract,,,Caution,
Liquid paraffin,,Okay,,
Litsea cubeba fruit oil,,Okay,,
Lonicera Caprifolium Extract,,Okay,,
Lonicera Caprifolium Var. Caprifolium Extract,,Okay,,
Lonicera Japonica,,Okay,,
Lycium barbarum fruit extract,,Okay,,
Lye,,,,Avoid
Lyral,,,Caution,
,,,,
Macadamia nut oil,Good,,,
Macadamia ternifolia seed oil,,Okay,,
Macrocystis pyrifera extract,,Okay,,
Madagascar Vanilla,,Okay,,
Magnesium almuminum silicate,,,,Avoid
Magnesium carbonate,,,,Avoid
Magnesium chloride,,,Caution,
Magnesium laureth sulfate,,Okay,,
Magnesium nitrate,,,Caution,
Magnesium oleth sulfate,,Okay,,
Magnesium stearate,,Okay,,
Magnesium sulfate,,,,Avoid
Maleic anhydride,,,Caution,
Malic acid,,,Caution,
Maltodextrin,,,Caution,
Malva sylvestris (mallow) extract,,Okay,,
Mangifera indica extract,,,Caution,
Mangifera indica seed butter,Good,,,
Mangifera indica seed oil,Good,,,
Mango seed butter,Good,,,
Mango seed oil,Good,,,
Marigold extract,,,Caution,
Marigold oil,,,Caution,
Marjoram,,,Caution,
Mauritia flexuosa fruit oil,,Okay,,
Meadowfoam seed oil,Good,,,
Medicago sativa leaf extract,,Okay,,
Melia azodirachta seed oil,,,Caution,
Melissa officinalis,,,Caution,
Mentha piperita,,,Caution,
Menthol,,,Caution,
Methacrylate copolymer,,,Caution,
Methanol,,,,Avoid
Methionine,,Okay,,
Methoxypropanediol,,,Caution,
Methyl 2-octynoate,,Okay,,
Methyl chloro isothiazolinone,,,Caution,
Methylchloroisothiazolinone,,,Caution,
Methylchloroisothiazolinone/ Methylisothiazolinone,,,Caution,
Methyldibromo glutaronitrile,,,,Avoid
Methylene glycol,,Okay,,
Methyleugenyl PEG 8 dimethicone,,Okay,,
Methyl Gluceth-20,,Okay,,
Methyl Gluceth-20 Benzoate,,Okay,,
Methylheptyl isostearate,,Okay,,
Methyl isothiazolinone,,,Caution,
Methylisothiazolinone,,,Caution,
Methylparaben,,Okay,,
Mica,,Okay,,
Microcrystalline wax,,Okay,,
Milk conditioner,,Okay,,
Milk protein,,Okay,,
Mineral oil,,Okay,,
Mink oil,Good,,,
Monoethanolamine,,,Caution,
Montmorillonite,,,,Avoid
Mucopolysaccharides,,Okay,,
Myristic acid,,,,Avoid
Myristoyl glutamic acid,,Okay,,
Myristyl alcohol,,Okay,,
Myroxylon Pereirae,,Okay,,
,,,,
Natural fragrance,,,Caution,
Neem oil,,,Caution,
Neroli,,,Caution,
Neroli oil,,,Caution,
Nettle extract,,Okay,,
Niacinamide,,Okay,,
Nicotinamide,,Okay,,
Nicotinic acid N-oxide,,Okay,,
Nitrosamines,,,,Avoid
Non-ionic,,Okay,,
Non-ionic surfactant,,Okay,,
Nonoxynol-10,,,Caution,
,,,,
Oak bark,,,Caution,
Oat bran extract,,Okay,,
Oat flour,,Okay,,
Oat peptide,,Okay,,
Oats,,Okay,,
Occlusive,,Okay,,
Ocimum basilicum,,,Caution,
Octamethylcyclotertraziloxane,,Okay,,
Octamethylcyclotetrasiloxane,,Okay,,
Octyl dimethyl PABA,,Okay,,
Octyliminodiipropionate,,Okay,,
Octyl palmitate,,Okay,,
Octyl palmitrate,,Okay,,
Oils,,Okay,,
Olea Europaea (Olive) Fruit Extract,Good,,,
Olea europaea fruit oil,Good,,,
Olealkonium Chloride,,Okay,,
Oleamidopropyl betaine,,Okay,,
Olefin sulfonate,,,,Avoid
Oleic acid,,Okay,,
Oleth-5,,Okay,,
Oleth-10,,Okay,,
Oleth-20,,Okay,,
Oleyl alcohol,,Okay,,
Oleylamphopolycarboxyglycinate,,Okay,,
Olive fruit oil,Good,,,
Olive Oil,Good,,,
Olive Oil Unsaponified,Good,,,
Omithine HCL,,Okay,,
Orange,,,Caution,
Orange oil,,,Caution,
Orbignya Oleifera Oil,,Okay,,
Oregano,,,Caution,
Oryzanol,,,Caution,
Oryza Sativa,,Okay,,
Oryza Sativa oil,,Okay,,
Ozokerite,,Okay,,
,,,,
Palmamidopropyl,,Okay,,
Palmamidopropyl Trimonium Methosulfate,,Okay,,
Palm butter,Good,,,
Palmic acid,,Okay,,
Palmitamidopropyltrimonium chloride,,Okay,,
Palmitic acid,,Okay,,
Palmitoyl glutamic acid,,Okay,,
Palm kernel oil,Good,,,
Palm oil,Good,,,
Palm tallow,Good,,,
Panax ginseng root extract,,Okay,,
Panthenol,Good,,,
Panthenyl ethyl ether,Good,,,
Pantothenic acid,,Okay,,
Papaya,,,Caution,
Parabens,,,Caution,
Paraffinum liquidum,,Okay,,
Passiflora Incarnata Extract,,Okay,,
Passionflower Extract,,Okay,,
Pathenyl Hydroxypropyl Steardimonium Chloride,,Okay,,
PEG 7 dimethicone C8-C18 ester,,Okay,,
PEG 100 stearate,,Okay,,
PEG,,Okay,,
PEG-3 Dimethicone,,Okay,,
PEG-3 dioleoyl amidoethylmonium methosulfate,,,Caution,
PEG-3 to -200 Castor Oil,,Okay,,
"PEG-4,-6, -8, -9, -10, -12, -14, 16, -18, -32, -40, -150, -200, -350",,Okay,,
PEG-4 through -150 dilaurate,,Okay,,
PEG-7 Dimethicone,,,Caution,
PEG-7 glyceryl cocoate,,Okay,,
PEG-8,,Okay,,
PEG-8 Dimethicone,,Okay,,
PEG-8 Distearate,,Okay,,
PEG-9 Dimethicone,,Okay,,
PEG-10 Dimethicone,,Okay,,
PEG-12 Dimethicone,,Okay,,
PEG-14 Dimethicone,,Okay,,
PEG-14 M,,,,Avoid
PEG-17 Dimethicone,,Okay,,
PEG-40 Castor Oil,,Okay,,
PEG-40 Hydrogenated Castor Oil,,Okay,,
PEG-60 almond glycerides,,Okay,,
PEG-75 Lanolin,Good,,,
PEG-80 sorbitan laurate,,Okay,,
PEG-120 methyl glucose dioleate,,Okay,,
PEG-150 dilaurate,,Okay,,
PEG-150 distearate,,Okay,,
PEG/PPG-3/10 Dimethicone,,Okay,,
PEG/PPG-4/12 Dimethicone,,Okay,,
PEG/PPG-6/11 Dimethicone,,Okay,,
PEG/PPG-8/14 Dimethicone,,Okay,,
PEG/PPG-14/4 Dimethicone,,Okay,,
PEG/PPG-15/15 Dimethicone,,Okay,,
PEG/PPG-16/2 Dimethicone,,Okay,,
PEG/PPG-17/18 Dimethicone,,Okay,,
PEG/PPG-18/18 Dimethicone,,Okay,,
PEG/PPG-18/18 Dimethicone,,Okay,,
PEG/PPG-19/19 Dimethicone,,Okay,,
PEG/PPG-20/6 Dimethicone,,Okay,,
PEG/PPG-20/15 Dimethicone,,Okay,,
PEG/PPG-20/20 Dimethicone,,Okay,,
PEG/PPG-20/23 Dimethicone,,Okay,,
PEG/PPG-20/29 Dimethicone,,Okay,,
PEG/PPG-22/24 Dimethicone,,Okay,,
PEG/PPG-23/6 Dimethicone,,Okay,,
PEG/PPG-23/23 Dimethicone,,Okay,,
PEG/PPG-25/25 Dimethicone,,Okay,,
PEG/PPG-27/27 Dimethicone,,Okay,,
Pelargonic acid,,,Caution,
Pelargonium oil,,,Caution,
Pentaerythrityl,,Okay,,
Pentaerythrityl tetracaprylate/tetracaprate,,Okay,,
Pentasodium pentetate,,,,Avoid
Peppermint,,,Caution,
Peppermint oil,,,Caution,
Peptide,,Okay,,
Persea gratissima oil,Good,,,
Petitgrain oil,,,,Avoid
Petrolatum,,,Caution,
Phellodendron amurense bark extract,,Okay,,
Phenethyl Benzoate,,Okay,,
Phenoxyethanol,,Okay,,
Phenylalanine,,Okay,,
Phenyl functional siloxane,Good,,,
Phenyl trimethicone,Good,,,
Phosphoric acid,,,Caution,
Phthalates,,,Caution,
Phytantiol,,Okay,,
Pineapple juice,,,Caution,
Piper mythisticum,,Okay,,
Piroctone olamine,,Okay,,
Placenta,,Okay,,
Placenta enzymes,,Okay,,
Poloxamer 101- 407,,,Caution,
Poloxamer 407,,,,Avoid
Polybutane,,Okay,,
Polyethylene glycol,,Okay,,
Polyethylene Oxide,,,,Avoid
Polygala senega,,,,Avoid
Polyglyceryl 10 oleate,,Okay,,
Polyglycerylacrylates,,,Caution,
Polymers,,Okay,,
Polyoxypropylene Glycol,,,,Avoid
Polypropylene Glycol,,,Caution,
Polyquaternium- 4,,Okay,,
Polyquaternium- 6,,Okay,,
Polyquaternium- 7,,Okay,,
Polyquaternium-10,,Okay,,
Polyquaternium-11,,,Caution,
Polyquaternium-16,,,,Avoid
Polyquaternium-22,,,Caution,
Polyquaternium-24,,Okay,,
Polyquaternium-28,,,,Avoid
Polyquaternium-29,,,,Avoid
Polyquaternium-32,,,,Avoid
Polyquaternium-37,,,,Avoid
Polyquaternium-46,,,Caution,
Polyquaternium-57,,Okay,,
Polysaccharides,,Okay,,
Polysorbate 20,,Okay,,
Polysorbate 40,,Okay,,
Polysorbate 60,,Okay,,
Polysorbate 80,,Okay,,
Polysorbates,,Okay,,
Polyurethane,,,Caution,
Polyvinyl acetate,,,Caution,
Polyvinyl alcohol,,,Caution,
Polyvinylpyrrolidone,,,Caution,
Potassium Chloride,,,Caution,
Potassium cocoyl glutamate,,Okay,,
Potassium hydroxide,,,,Avoid
Potassium lauroyl glutamate,,Okay,,
Potassium myristate,,,,Avoid
Potassium myristoyl glutamate,,Okay,,
Potassium sorbate,,Okay,,
Potassium stearate,,,,Avoid
PPG,,,,Avoid
PPG-1 Trideceth-6,,,Caution,
PPG-2 Methyl Ether,,,Caution,
PPG-5-Ceteth-20,,Okay,,
PPG-10 Butanediol,,,Caution,
PPG-10 Cetyl Ether,,,Caution,
PPG-14 Butyl Ether,,,Caution,
PPG-Ceteth-20,,Okay,,
Preservative,,Okay,,
Proline,,Okay,,
Propolis,,Okay,,
Proprietary essential oil blend,,,Caution,
Propylene glycol,,Okay,,
Propylene glycol dicaprate,,Okay,,
Propylene glycol dicaprylate,,Okay,,
Propylene glycol dicaprylate/dicaprate,,Okay,,
Propylene glycol oleate,,Okay,,
Propylene glycol stearate,,Okay,,
Propylene Oxide,,,,Avoid
Propylparaben,,Okay,,
Protein,,Okay,,
Pro-vitamin B5,Good,,,
Prunus amygadalus dulcis oil,,Okay,,
Prunus armeniaca,Good,,,
Prunus armeniaca kernel oil,,Okay,,
PVP,,,Caution,
PVP/VA copolymer,,,Caution,
PVP copolymer,,,Caution,
PVP K90,,,Caution,
Pyridoxine dipalmitate,,Okay,,
Pyridoxine HCL,,Okay,,
Pyridoxine hydrochloride,,Okay,,
Pyrmidine n-oxides,,Okay,,
Pyrus malus fruit extract,,,Caution,
,,,,
Quat,,Okay,,
Quaternary ammonium compounds.,,Okay,,
Quaternium-15,,,Caution,
Quaternium-18,,,Caution,
Quaternium-19,,Okay,,
Quaternium-20,,Okay,,
Quaternium-23,,,Caution,
Quaternium-27,,Okay,,
Quaternium-31,,Okay,,
Quaternium-32,,Okay,,
Quaternium-41,Good,,,
Quaternium-80,,Okay,,
Quillaja bark,,Okay,,
Quillaja bark extract,,Okay,,
Quillaja Saponaria,,Okay,,
Quillaja Saponaria Bark Extract,,Okay,,
Quinoa extract,,Okay,,
Quinoa oil,,Okay,,
Quinoa seed extract,,Okay,,
,,,,
Raspberry extract,,Okay,,
Red 33,,Okay,,
Reducing agent,,,Caution,
Resins,,,,Avoid
Retinyl palmitate,,,Caution,
Rice Bran Oil,,Okay,,
RNA,,Okay,,
Rooibos,,Okay,,
Rosa mosqueta,,Okay,,
Rose,,,Caution,
Rose hip oil,,Okay,,
Rosemary leaf extract,,,Caution,
Rosemary oil,,,Caution,
Rosmarinus officinalis leaf extract,,Okay,,
Royal Jelly,,Okay,,
Rubus ideaus fruit extract,,Okay,,
,,,,
Safflower oil,Good,,,
Sage oil,,,Caution,
Salicylic acid,,,Caution,
Salix alba extract,,,Caution,
Salt,,,,Avoid
Salts,,Okay,,
Salvia officinalis extract,,Okay,,
Salvia sclarea leaf extract,,Okay,,
Saponification,,,Caution,
Saponified butyrospermum parkii butter,,,,Avoid
Saponin,,Okay,,
Sarsaparilla,,Okay,,
Saw palmetto,,Okay,,
Sd alcohol 40-2,,,,Avoid
Sd alcohol,,,,Avoid
Sea buckthorn oil,,Okay,,
Sea kelp,,Okay,,
Selenium sulfide,,,Caution,
Senega extract,,,,Avoid
Serine,,Okay,,
Sesame oil,Good,,,
Sesamum indicum seed oil,,Okay,,
Shea Butter,,Okay,,
Silanedioll salciylate,,Okay,,
Silicone,Good,,,
Silicone quaternium-16,,Okay,,
Silicone Quaternium-8,,Okay,,
Silk,,Okay,,
Silk amino acids,,Okay,,
Silk powder,,Okay,,
Silk protein,,Okay,,
Siloxane,,Okay,,
Silybum Marianum Ethyl Ester,,Okay,,
Simethicone,,Okay,,
Simmondsia chinensis,Good,,,
Slippery elm bark,,Okay,,
Snakeroot extract,,,,Avoid
Soap,,,,Avoid
Soapbark,,Okay,,
Soap Bark,,Okay,,
Soapwort,,Okay,,
Sodium acetate,,,Caution,
Sodium ascorbyl phosphate,,Okay,,
Sodium benzoate,,Okay,,
Sodium bicarbonate,,,,Avoid
Sodium borate decahydrate,,,,Avoid
Sodium C14-16 olefin sulfonate,,,,Avoid
Sodium carbomer,,,Caution,
Sodium chloride,,,Caution,
Sodium citrate,,Okay,,
Sodium cocamphoacetate,,Okay,,
Sodium cocly sarcosinate,,Okay,,
Sodium Cocoabutteramphoacetate,,Okay,,
Sodium cocoate,,,Caution,
Sodium cocoglyceryl,,Okay,,
Sodium cocoglyceryl ether sulfonate,,Okay,,
Sodium Coco-Sulfate,,,,Avoid
Sodium cocoyl glutamate,,Okay,,
Sodium cocoyl isethionate,,Okay,,
Sodium dodecylbenzene sulfonate,,,,Avoid
Sodium dodecyl sulfonate,,,,Avoid
Sodium gluconate,,,Caution,
Sodium hyaluronate,,Okay,,
Sodium hydrogenated tallowoyl glutamate,,Okay,,
Sodium hydroxide,,,,Avoid
Sodium isethionate,,,,Avoid
Sodium lactate,,Okay,,
Sodium Lauraminodipropionate,,Okay,,
Sodium laureth sulfate,,Okay,,
Sodium lauroyl glutamate,,Okay,,
Sodium Lauroyl Lactylate,,Okay,,
Sodium lauroyl sarcosinate,Good,,,
Sodium lauryl ether sulfate,,Okay,,
Sodium lauryl glucose carboxylate,,Okay,,
Sodium lauryl glucose carboxylate (& lauryl glucoside),,Okay,,
Sodium lauryl sulfate,,,,Avoid
Sodium lauryl sulfoacetate,,,Caution,
Sodium lauryl sulphate,,,,Avoid
Sodium metabisulfite,,,,Avoid
Sodium methyl cocoyl taurate,,Okay,,
Sodium myreth sulfate,,Okay,,
Sodium myristoyl glutamate,,Okay,,
Sodium PCA,,Okay,,
Sodium perborate,,,,Avoid
Sodium polystyrene sulfonate,,,,Avoid
Sodium stearoyl glutamate,,Okay,,
Sodium sulfate,,,,Avoid
Sodium sulfite,,,,Avoid
Sodium thioglycolate,,,,Avoid
Sodium thiosulfate,,,,Avoid
Sodium xylene sulfonate,,Okay,,
Soluble Collagen,,Okay,,
Sorbic acid,,,Caution,
Sorbitan,,,Caution,
Sorbitol,Good,,,
Sorbitol esters,,Okay,,
Soy,,Okay,,
Soya,,Okay,,
Soy protein,,Okay,,
Spironolaceton,,Okay,,
Squalene,,Okay,,
Starch,,,Caution,
Steapyrium Chloride,,Okay,,
Stearalkonium Chloride,,Okay,,
Stearamidopropyl dimethylamine,,,Caution,
Stearamidopropyl dimethylamine lactate,,Okay,,
Steareth- 2,,Okay,,
Steareth- 3,,Okay,,
Steareth- 4,,Okay,,
Steareth- 5,,Okay,,
Steareth- 6,,Okay,,
Steareth-10,,Okay,,
Steareth-11,,Okay,,
Steareth-13,,Okay,,
Steareth-14,,Okay,,
Steareth-15,,Okay,,
Steareth-16,,Okay,,
Steareth-20,,Okay,,
"Steareth-21, -25, -27, -30, -40, -50, -100",,Okay,,
Stearic acid,,Okay,,
Stearoyl glutamic acid,,Okay,,
Stearyl alcohol,Good,,,
Stearyl betaine,,Okay,,
Styrax,,,Caution,
Styrax benzoin,,,,Avoid
Styrene,,,,Avoid
Styrene/acrylamide copolymer,,,Caution,
Styrene acrylates copolymer,,,,Avoid
Sucrose Cocoate,,Okay,,
Sulfates,,,Caution,
Sulfonated Castor Oil,,,,Avoid
Sulfonated Oil,,,,Avoid
Sulfonic acid,,,,Avoid
Sulfur,,,,Avoid
Sunflower Seed Oil,Good,,,
Superfatting,Good,,,
Superoxide dismutase,,Okay,,
Surfactant,,Okay,,
Sweet almond oil,Good,,,
Symphytum officinale,,Okay,,
,,,,
Tallowamine oxide,,Okay,,
Tallowamphopolycarboxyglycinate,,Okay,,
Tallowtrimonium chloride,,,Caution,
Tapioca Starch,,,Caution,
Taurine,,Okay,,
TEA-cocoyl glutamate,,Okay,,
TEA-dodecylbenzene,,,,Avoid
TEA-dodecylbenzenesulfonate,,,,Avoid
TEA-hydrogenated tallowoyl glutamate,,Okay,,
TEA-lauroyl glutamate,,Okay,,
TEA-lauryl sulfate,,,,Avoid
Tea tree oil,,Okay,,
Tetradecyldimethyl amine oxide,,Okay,,
Tetrahexydecyl ascorbate,,Okay,,
Tetrasodium EDTA,,Okay,,
Theobroma Cacao seed butter,,,Caution,
Theobroma Grandiflorum seed butter,Good,,,
Theobroma oil,,,Caution,
Thioglycolates,,,,Avoid
Thioglycolic acid,,,,Avoid
Threonine,,Okay,,
Thyme,,,Caution,
Thymus Bulgaris Extract,,,Caution,
Tincture,,,Caution,
Tincture of Benzoin,,,,Avoid
Titanium dioxide,,Okay,,
Tocepheryl Acetate,Good,,,
Tocepheryl lineolate,,Okay,,
Tocopherol,Good,,,
Tocopherol acetate,,Okay,,
Tomato Extract,,,Caution,
Tonka Bean,,,Caution,
Transglutimase,,Okay,,
Triacetin,,Okay,,
Tribehenin,,Okay,,
Tricaprylyl citrate,,Okay,,
Tricontanyl PVP,,,Caution,
Trideceth- 2,,Okay,,
Trideceth- 3,,Okay,,
Trideceth- 4,,Okay,,
Trideceth- 5,,Okay,,
Trideceth- 6,,Okay,,
Trideceth- 7,,Okay,,
Trideceth- 8,,Okay,,
Trideceth- 9,,Okay,,
Trideceth-10,,Okay,,
Trideceth-12,,Okay,,
Trideceth-15,,Okay,,
Trideceth-18,,Okay,,
Trideceth-20,,Okay,,
Trideceth-21,,Okay,,
Trideceth-50,,Okay,,
Triethanolamine,,,Caution,
Triethylene glycol,,,Caution,
Triglycerides,,Okay,,
Trimethylsilylamodimethicone,,,Caution,
Triphenylmethane group,,Okay,,
Trisodium EDTA,,,,Avoid
Trisodium Ethylenediamine Disuccinate,,,Caution,
Trisodium Ethylenediamine Tetraacetate,,,,Avoid
Triticum vulgare,Good,,,
Triticum vulgare gluten,,Okay,,
Tryptophan,,Okay,,
Tussilago farfara flower extract,,Okay,,
Tyrosine,,Okay,,
,,,,
Undeceth 5,,Okay,,
Undeceth 11,,Okay,,
Urea,,,Caution,
Urtica Dioica Extract,,Okay,,
,,,,
Valine,,Okay,,
Vanilla Planifolia Fruit Extract,,Okay,,
Vanilla Planifolia Fruit Oil,,Okay,,
Vegetable emulsifying wax,,Okay,,
Vegetable Glycerin,,Okay,,
Verbena officinalis,,,Caution,
Vinyl,,,Caution,
Vinyl acetate,,,Caution,
Vinyl caprolactam/PVP/dimethylaminoethyl methacrylate copolymer,,,Caution,
Vinyl neodecanoate copolymer,,,Caution,
Vinyl polymers,,,Caution,
Vitamin B3,,Okay,,
Vitamin B5,,Okay,,
Vitamin E,Good,,,
Vitamins,,Okay,,
,,,,
Walnut oil,Good,,,
Wasabi,,,Caution,
Water,,Okay,,
Waxes,,,Caution,
Wheat amino acids,Good,,,
Wheat germ oil,Good,,,
Wheat silicone coplymer,,Okay,,
White Ginger,,Okay,,
Willow bark,,Okay,,
Wintergreen,,,Caution,
Witch hazel extract,,,Caution,
,,,,
Xanthan gum,,Okay,,
,,,,
Yellow 5,,Okay,,
Yellow 6,,,Caution,
Yellow 10,,Okay,,
Ylang ylang,,,Caution,
Yucca,,Okay,,
,,,,
Zea Mays Oil,,,Caution,
Zea Mays Starch,,,Caution,
Zinc,,,Caution,
Zinc Chloride,,,,Avoid
Zinc omadine,,Okay,,
Zinc oxide,,Okay,,
Zinc pyrithione,,Okay,,
Zingiber officinale,,Okay,,
